{
    "camera_model": "ILCE-7RM4",
    "captured_data": {
        "Red": {
            "shutter_speed": "1/6s",
            "means": [
                10739.130164592769,
                1878.4157447149137,
                170.83057508819283
            ],
            "stds": [
                96.3861618840438,
                26.694373221158653,
                8.578137304877835
            ]
        },
        "Green": {
            "shutter_speed": "1/25s",
            "means": [
                1006.7852289292732,
                11417.620021714205,
                3201.729610801633
            ],
            "stds": [
                23.42507147609796,
                89.0924243679094,
                47.83918864239176
            ]
        },
        "Blue": {
            "shutter_speed": "1/15s",
            "means": [
                530.5612479241288,
                4592.919015938406,
                11560.560928862868
            ],
            "stds": [
                16.940963205114826,
                42.97365280147328,
                81.99734402910921
            ]
        }
    },
    "crosstalk_matrix_raw": [
        [
            10739.130164592769,
            1006.7852289292732,
            530.5612479241288
        ],
        [
            1878.4157447149137,
            11417.620021714205,
            4592.919015938406
        ],
        [
            170.83057508819283,
            3201.729610801633,
            11560.560928862868
        ]
    ],
    "crosstalk_matrix_normalized": [
        [
            1.0,
            0.08817820412787898,
            0.045894074793507135
        ],
        [
            0.17491321139845256,
            1.0,
            0.3972920556537545
        ],
        [
            0.015907300914502955,
            0.2804200529280651,
            1.0
        ]
    ],
    "crosstalk_correction_matrix": [
        [
            1.0152474200029316,
            -0.0860427548301565,
            -0.0124097380869448
        ],
        [
            -0.1926239578889038,
            1.141701692618837,
            -0.4447487140735339
        ],
        [
            0.037865774253760386,
            -0.31878734107963963,
            1.1249138633782083
        ]
    ]
}