{
    "camera_model": "ILCE-7RM4",
    "captured_data": {
        "Red": {
            "shutter_speed": "1/15s",
            "means": [
                10477.427502629718,
                1757.4391545665783,
                177.05318288974797
            ],
            "stds": [
                91.53319068236823,
                25.39167347177986,
                8.772598088856743
            ]
        },
        "Green": {
            "shutter_speed": "1/20s",
            "means": [
                1031.0836526764504,
                11649.632097562846,
                3259.3314708273156
            ],
            "stds": [
                23.71991000122867,
                91.73154242829484,
                48.674585459804426
            ]
        },
        "Blue": {
            "shutter_speed": "1/6s",
            "means": [
                163.3057272060042,
                1178.5558768716664,
                2578.0109811190146
            ],
            "stds": [
                78.87881039532354,
                699.0834306091563,
                1781.1011411987865
            ]
        }
    },
    "crosstalk_matrix_raw": [
        [
            10477.427502629718,
            1031.0836526764504,
            163.3057272060042
        ],
        [
            1757.4391545665783,
            11649.632097562846,
            1178.5558768716664
        ],
        [
            177.05318288974797,
            3259.3314708273156,
            2578.0109811190146
        ]
    ],
    "crosstalk_matrix_normalized": [
        [
            1.0,
            0.08850782960709613,
            0.06334562901478392
        ],
        [
            0.16773574946001588,
            1.0,
            0.4571570429696545
        ],
        [
            0.01689853571836308,
            0.27977977703769563,
            1.0
        ]
    ],
    "crosstalk_correction_matrix": [
        [
            1.0142583748785035,
            -0.08232376340456526,
            -0.026613946496026795
        ],
        [
            -0.1860939884363283,
            1.161766417054109,
            -0.5193214590885378
        ],
        [
            0.03492585321723816,
            -0.32364759807691906,
            1.1457453787601515
        ]
    ]
}